Métrica,Valor (€)
Modelo 0 (nominal),-24177.62973064091
RP (Modelo 2),-25322.12593126564
EEV,-25443.65677396737
VSS = RP - EEV,121.53084270172985
